{
	"partitions" : [
		{
			"name" : "Top",
			"pins" : [
				{
					"name" : "R5[0]",
					"strict" : false
				},
				{
					"name" : "R5[1]",
					"strict" : false
				},
				{
					"name" : "R5[2]",
					"strict" : false
				},
				{
					"name" : "R5[3]",
					"strict" : false
				},
				{
					"name" : "R4[0]",
					"strict" : false
				},
				{
					"name" : "R4[1]",
					"strict" : false
				},
				{
					"name" : "R4[2]",
					"strict" : false
				},
				{
					"name" : "R4[3]",
					"strict" : false
				},
				{
					"name" : "R3[0]",
					"strict" : false
				},
				{
					"name" : "R3[1]",
					"strict" : false
				},
				{
					"name" : "R3[2]",
					"strict" : false
				},
				{
					"name" : "R3[3]",
					"strict" : false
				},
				{
					"name" : "R2[0]",
					"strict" : false
				},
				{
					"name" : "R2[1]",
					"strict" : false
				},
				{
					"name" : "R2[2]",
					"strict" : false
				},
				{
					"name" : "R2[3]",
					"strict" : false
				},
				{
					"name" : "R1[0]",
					"strict" : false
				},
				{
					"name" : "R1[1]",
					"strict" : false
				},
				{
					"name" : "R1[2]",
					"strict" : false
				},
				{
					"name" : "R1[3]",
					"strict" : false
				},
				{
					"name" : "R0[0]",
					"strict" : false
				},
				{
					"name" : "R0[1]",
					"strict" : false
				},
				{
					"name" : "R0[2]",
					"strict" : false
				},
				{
					"name" : "R0[3]",
					"strict" : false
				},
				{
					"name" : "ST",
					"strict" : false
				},
				{
					"name" : "CLR",
					"strict" : false
				},
				{
					"name" : "S[0]",
					"strict" : false
				},
				{
					"name" : "S[1]",
					"strict" : false
				},
				{
					"name" : "S[2]",
					"strict" : false
				},
				{
					"name" : "CLK",
					"strict" : false
				}
			]
		}
	]
}