{
	"partitions" : [
		{
			"name" : "Top",
			"pins" : [
				{
					"name" : "SOUND",
					"strict" : false
				},
				{
					"name" : "NZLED",
					"strict" : false
				},
				{
					"name" : "COM[5]",
					"strict" : false
				},
				{
					"name" : "COM[4]",
					"strict" : false
				},
				{
					"name" : "COM[3]",
					"strict" : false
				},
				{
					"name" : "COM[2]",
					"strict" : false
				},
				{
					"name" : "COM[1]",
					"strict" : false
				},
				{
					"name" : "COM[0]",
					"strict" : false
				},
				{
					"name" : "HEX[0]",
					"strict" : false
				},
				{
					"name" : "HEX[1]",
					"strict" : false
				},
				{
					"name" : "HEX[2]",
					"strict" : false
				},
				{
					"name" : "HEX[3]",
					"strict" : false
				},
				{
					"name" : "HEX[4]",
					"strict" : false
				},
				{
					"name" : "HEX[5]",
					"strict" : false
				},
				{
					"name" : "HEX[6]",
					"strict" : false
				},
				{
					"name" : "LEDR[1]",
					"strict" : false
				},
				{
					"name" : "LEDR[0]",
					"strict" : false
				},
				{
					"name" : "SW0",
					"strict" : false
				},
				{
					"name" : "CLK_50MHZ",
					"strict" : false
				},
				{
					"name" : "key2",
					"strict" : false
				},
				{
					"name" : "key1",
					"strict" : false
				},
				{
					"name" : "key3",
					"strict" : false
				},
				{
					"name" : "key0",
					"strict" : false
				}
			]
		}
	]
}